{".pc": "#22FCC5", ".23-raw-sock-creator-debug": "#F81FF8", ".23-bench-simulator-debug": "#15C0FA", ".cc": "#54F41F", "scratch-simulator": "#2222FC", ".23-print-introspected-doxygen-debug": "#2A5FFE", ".23-tap-creator-debug": "#F937C8", ".23-test-runner-debug": "#683AF4", ".23-bench-packets-debug": "#1184F7", "subdir": "#9636F6", "cxx_cxxprogram": "#2CFB60", "ns": "#F9067F", ".so": "#16F4F4", "ns3moduleheader": "#F5BC13", "cxx_cxxshlib_ns3module": "#94F92E", "copy": "#F3F319", ".h": "#FD6432", "ns3pcfile": "#28FD92", "ns3privateheader": "#FE972F", ".o": "#0FFA0F", ".23-tap-device-creator-debug": "#C72DFA", "rootTG": "#F82B5E", "ns3header": "#F80B0B", ".py": "#C1F329"}