{".pc": "#228FFB", ".23-raw-sock-creator-debug": "#F61FF6", ".23-bench-simulator-debug": "#32F8C7", ".cc": "#5DFA28", "scratch-simulator": "#0F49F7", ".23-print-introspected-doxygen-debug": "#9530FA", ".23-tap-creator-debug": "#F71BC0", ".23-test-runner-debug": "#2C2CF7", ".23-bench-packets-debug": "#2EF7F7", "subdir": "#6433F7", "cxx_cxxprogram": "#10F64A", "ns": "#F93195", ".so": "#1EF388", "ns3moduleheader": "#F7BF1A", "cxx_cxxshlib_ns3module": "#8FF826", "copy": "#F9F910", ".h": "#F94C13", "ns3pcfile": "#2EC6F8", "ns3privateheader": "#FB8F23", ".o": "#0DF40D", ".23-tap-device-creator-debug": "#C726FD", "rootTG": "#FD2C60", "ns3header": "#F30E0E", ".py": "#C4FD19"}