{"9dfdc876d1def309592cff93e15e2d2c": {"colorkey": ".o", "out_of_tgen": "adb8d1dfc24ab211442c4a7215165797", "in_for_tgen": ["adb8d1dfc24ab211442c4a7215165797"], "parents": ["9a65b68c4fba0de2051bf280d1c0c6d9"], "children": ["3abbf19c74d372a585ae1e67b16a190f"], "visible": "false", "name": "main.c.6.o"}, "56ca33555a2daf4b91275c92ce037cee": {"colorkey": ".o", "out_of_tgen": "1b3537cee28c13144c190ad10ea67b9a", "in_for_tgen": ["18289d66411a1f909c9acc51f2bec593"], "parents": ["353e29bc7e9930a1fb32ec580fe497e2"], "children": ["4e2bceaf04c9818efc9570bfaea45a79", "4df247c828cf0443d2d1a6c615d88276"], "visible": "false", "name": "test_stlib.c.2.o"}, "06c3502880661d589bc66b1df2f3b719": {"colorkey": ".so", "out_of_tgen": "7c6c9e95f2d678e2a83fca5153983026", "in_for_tgen": ["7c6c9e95f2d678e2a83fca5153983026", "d9ac2ef80c6cb60435bf99f3878566f2"], "parents": ["c3dc543bcfc16d4801f59d4dfc39e67a", "11180bbdce56b9f4112b8242d369d7b3", "b1763ee171a730d71874dea810653fad"], "children": ["f9406fbcb6b70691e1a56a4f787eed49"], "visible": "false", "name": "libsomething-shared.so"}, "4e2bceaf04c9818efc9570bfaea45a79": {"colorkey": ".c", "in_for_tgen": ["1b3537cee28c13144c190ad10ea67b9a"], "parents": ["56ca33555a2daf4b91275c92ce037cee"], "children": [], "visible": "false", "name": "test_stlib.c"}, "4df247c828cf0443d2d1a6c615d88276": {"colorkey": ".h", "in_for_tgen": ["1b3537cee28c13144c190ad10ea67b9a", "370281c30b743d98cb845594e9e10c72"], "parents": ["f9406fbcb6b70691e1a56a4f787eed49", "56ca33555a2daf4b91275c92ce037cee"], "children": [], "visible": "false", "name": "test.h"}, "9a65b68c4fba0de2051bf280d1c0c6d9": {"colorkey": "exe-static", "out_of_tgen": "adb8d1dfc24ab211442c4a7215165797", "in_for_tgen": ["rootTG"], "parents": ["a30f90ff76df8957d72a97affa75026e"], "children": ["9dfdc876d1def309592cff93e15e2d2c", "353e29bc7e9930a1fb32ec580fe497e2"], "visible": "false", "name": "exe-static"}, "353e29bc7e9930a1fb32ec580fe497e2": {"colorkey": ".a", "out_of_tgen": "18289d66411a1f909c9acc51f2bec593", "in_for_tgen": ["adb8d1dfc24ab211442c4a7215165797"], "parents": ["9a65b68c4fba0de2051bf280d1c0c6d9"], "children": ["56ca33555a2daf4b91275c92ce037cee"], "visible": "false", "name": "libsomething-static.a"}, "afbfbd91a2e68232279044f6486def47": {"colorkey": ".c", "in_for_tgen": ["370281c30b743d98cb845594e9e10c72"], "parents": ["f9406fbcb6b70691e1a56a4f787eed49"], "children": [], "visible": "false", "name": "test_shlib.c"}, "6b98f7074305fee5596474397f5805d5": {"colorkey": ".o", "out_of_tgen": "d9ac2ef80c6cb60435bf99f3878566f2", "in_for_tgen": ["d9ac2ef80c6cb60435bf99f3878566f2"], "parents": ["c3dc543bcfc16d4801f59d4dfc39e67a"], "children": ["3abbf19c74d372a585ae1e67b16a190f"], "visible": "false", "name": "main.c.5.o"}, "c3dc543bcfc16d4801f59d4dfc39e67a": {"colorkey": "exe-shared", "out_of_tgen": "d9ac2ef80c6cb60435bf99f3878566f2", "in_for_tgen": ["rootTG"], "parents": ["a30f90ff76df8957d72a97affa75026e"], "children": ["6b98f7074305fee5596474397f5805d5", "06c3502880661d589bc66b1df2f3b719"], "visible": "false", "name": "exe-shared"}, "b1763ee171a730d71874dea810653fad": {"colorkey": ".1", "out_of_tgen": "7c6c9e95f2d678e2a83fca5153983026", "in_for_tgen": ["rootTG"], "parents": ["a30f90ff76df8957d72a97affa75026e"], "children": ["06c3502880661d589bc66b1df2f3b719"], "visible": "false", "name": "libsomething-shared.so.1"}, "f9406fbcb6b70691e1a56a4f787eed49": {"colorkey": ".o", "out_of_tgen": "370281c30b743d98cb845594e9e10c72", "in_for_tgen": ["7c6c9e95f2d678e2a83fca5153983026"], "parents": ["06c3502880661d589bc66b1df2f3b719"], "children": ["afbfbd91a2e68232279044f6486def47", "4df247c828cf0443d2d1a6c615d88276"], "visible": "false", "name": "test_shlib.c.1.o"}, "a30f90ff76df8957d72a97affa75026e": {"colorkey": "TheProject", "out_of_tgen": "rootTG", "parents": [], "children": ["9a65b68c4fba0de2051bf280d1c0c6d9", "c3dc543bcfc16d4801f59d4dfc39e67a", "b1763ee171a730d71874dea810653fad", "11180bbdce56b9f4112b8242d369d7b3"], "visible": "false", "name": "TheProject"}, "3abbf19c74d372a585ae1e67b16a190f": {"colorkey": ".c", "in_for_tgen": ["adb8d1dfc24ab211442c4a7215165797", "d9ac2ef80c6cb60435bf99f3878566f2"], "parents": ["9dfdc876d1def309592cff93e15e2d2c", "6b98f7074305fee5596474397f5805d5"], "children": [], "visible": "false", "name": "main.c"}, "11180bbdce56b9f4112b8242d369d7b3": {"colorkey": ".3", "out_of_tgen": "7c6c9e95f2d678e2a83fca5153983026", "in_for_tgen": ["rootTG"], "parents": ["a30f90ff76df8957d72a97affa75026e"], "children": ["06c3502880661d589bc66b1df2f3b719"], "visible": "false", "name": "libsomething-shared.so.1.2.3"}}