{"1b3537cee28c13144c190ad10ea67b9a": {"colorkey": "c", "visible": "true", "name": "objects-for-stlib"}, "7c6c9e95f2d678e2a83fca5153983026": {"colorkey": "c_cshlib", "visible": "true", "name": "something-shared"}, "adb8d1dfc24ab211442c4a7215165797": {"colorkey": "c_cprogram", "visible": "true", "name": "exe-static"}, "d9ac2ef80c6cb60435bf99f3878566f2": {"colorkey": "c_cprogram", "visible": "true", "name": "exe-shared"}, "18289d66411a1f909c9acc51f2bec593": {"colorkey": "c_cstlib", "visible": "true", "name": "something-static"}, "370281c30b743d98cb845594e9e10c72": {"colorkey": "c", "visible": "true", "name": "objects-for-shlib"}, "rootTG": {"colorkey": "rootTG", "visible": "true", "name": "TheProject"}}