{"a3014403dbcd87c8512ad1b69722efe2": {"parents": ["7794b4b7892cf01ca92fed24dcf6a0ca"], "out_of_tgen": "b52d9c687c56b0912c16448ec16dafda", "children": ["1ef147563a0c7810acb7fa2ef48b43d2"], "in_for_tgen": ["rootTG"], "visible": "false", "colorkey": ".1", "name": "libmy_shared_lib.so.1"}, "bbef594dd88ef68f92939288ac0b9186": {"parents": ["fdedf7b2f0ba59e55cfb80f91a37c928"], "children": [], "in_for_tgen": ["bd753e552cc5150bbeebcd45bffbaf78"], "visible": "false", "colorkey": ".h", "name": "a.h"}, "8ae9ff365c213361a46cce6c9be3a148": {"parents": ["fdedf7b2f0ba59e55cfb80f91a37c928"], "children": [], "in_for_tgen": ["bd753e552cc5150bbeebcd45bffbaf78"], "visible": "false", "colorkey": ".h", "name": "config.h"}, "d280461d3305207cf9c21109c2fce387": {"parents": ["cc4e8ae1e5014f0e56a76c3a31e74aa5"], "children": [], "in_for_tgen": ["8eb0441b9fd96533fa67b139e283c862"], "visible": "false", "colorkey": ".c", "name": "b.c"}, "35c1e81e719dd7c25207cb7f5a657f2f": {"parents": ["c29bffa4926fb67e04f120a67b8462e1"], "out_of_tgen": "ba779dd61db8c9035478ba87b6336a5d", "children": ["3d28e7b491e83c15a277d7e9b89286e1"], "in_for_tgen": ["b5dc27cd6e4fdf40e151b5772a2a486d"], "visible": "false", "colorkey": ".a", "name": "libmy_static_lib.a"}, "da01e26564b877464475209f36d39780": {"parents": ["d6d4125612bf81ef98a1192bc7cabe0f", "818efd36beb39c1b641a85642d739327"], "out_of_tgen": "deda66a30da8151d86ee5d8405b22872", "children": ["b77629a13c1c98d9ac68f978c987b688"], "in_for_tgen": ["717900c1516e9b03fc81c6984f3e0396", "8eb0441b9fd96533fa67b139e283c862"], "visible": "false", "colorkey": ".a", "name": "liba.a"}, "3431eb8bdd5ef3dc46c1f75b1587c239": {"parents": ["4a30f773c4992b6e6b2ba0a1c5d4d600"], "children": [], "in_for_tgen": ["717900c1516e9b03fc81c6984f3e0396"], "visible": "false", "colorkey": ".c", "name": "test.c"}, "7cd28a9518eb5246dd319a1ce7ebf4ba": {"parents": ["7794b4b7892cf01ca92fed24dcf6a0ca"], "out_of_tgen": "ab8aaf85e218f5584cf457174968deae", "children": ["554feda50c51e5dae3b467c3484f38f1", "1ef147563a0c7810acb7fa2ef48b43d2"], "in_for_tgen": ["rootTG"], "visible": "false", "colorkey": "test_shared_link", "name": "test_shared_link"}, "cc4e8ae1e5014f0e56a76c3a31e74aa5": {"parents": ["d6d4125612bf81ef98a1192bc7cabe0f"], "out_of_tgen": "8eb0441b9fd96533fa67b139e283c862", "children": ["d280461d3305207cf9c21109c2fce387", "b3ea5a84a6753fbe0fb6f7905ca47510"], "in_for_tgen": ["8eb0441b9fd96533fa67b139e283c862"], "visible": "false", "colorkey": ".o", "name": "b.c.2.o"}, "554feda50c51e5dae3b467c3484f38f1": {"parents": ["7cd28a9518eb5246dd319a1ce7ebf4ba"], "out_of_tgen": "ab8aaf85e218f5584cf457174968deae", "children": ["b0e443cfb3bc651e9c61b730ef4da958"], "in_for_tgen": ["ab8aaf85e218f5584cf457174968deae"], "visible": "false", "colorkey": ".o", "name": "main.c.2.o"}, "2872b4cacab666061dbf2342c23678a3": {"parents": ["fdedf7b2f0ba59e55cfb80f91a37c928"], "children": [], "in_for_tgen": ["bd753e552cc5150bbeebcd45bffbaf78"], "visible": "false", "colorkey": ".c", "name": "main.c"}, "4930d262fa1d2e58ab650e4c5eeba956": {"parents": ["3d28e7b491e83c15a277d7e9b89286e1"], "children": [], "in_for_tgen": ["ba779dd61db8c9035478ba87b6336a5d"], "visible": "false", "colorkey": ".c", "name": "test_staticlib.c"}, "7794b4b7892cf01ca92fed24dcf6a0ca": {"parents": [], "out_of_tgen": "rootTG", "children": ["a3014403dbcd87c8512ad1b69722efe2", "7cd28a9518eb5246dd319a1ce7ebf4ba", "c29bffa4926fb67e04f120a67b8462e1", "3cf1605447cb46857ce65a34d50bb4ef", "818efd36beb39c1b641a85642d739327", "1a9b970fc3559aceed55084a5fa9d435"], "visible": "false", "colorkey": "cc_test", "name": "cc_test"}, "7c5183b962dc659e157f5c26a9a93e41": {"parents": ["c29bffa4926fb67e04f120a67b8462e1"], "out_of_tgen": "b5dc27cd6e4fdf40e151b5772a2a486d", "children": ["994452914edd654debe4b90e966a2c2c"], "in_for_tgen": ["b5dc27cd6e4fdf40e151b5772a2a486d"], "visible": "false", "colorkey": ".o", "name": "main.c.2.o"}, "707f36bbd8496e0da2dab58fea7714ad": {"parents": ["d0f3bbaaff32cef3e7d89720c3603489"], "children": [], "in_for_tgen": ["b52d9c687c56b0912c16448ec16dafda"], "visible": "false", "colorkey": ".c", "name": "test_shlib.c"}, "b3ea5a84a6753fbe0fb6f7905ca47510": {"parents": ["cc4e8ae1e5014f0e56a76c3a31e74aa5"], "children": [], "in_for_tgen": ["8eb0441b9fd96533fa67b139e283c862"], "visible": "false", "colorkey": ".h", "name": "a.h"}, "d6d4125612bf81ef98a1192bc7cabe0f": {"parents": ["818efd36beb39c1b641a85642d739327"], "out_of_tgen": "8eb0441b9fd96533fa67b139e283c862", "children": ["cc4e8ae1e5014f0e56a76c3a31e74aa5", "da01e26564b877464475209f36d39780"], "in_for_tgen": ["717900c1516e9b03fc81c6984f3e0396"], "visible": "false", "colorkey": ".a", "name": "libb.a"}, "3d28e7b491e83c15a277d7e9b89286e1": {"parents": ["35c1e81e719dd7c25207cb7f5a657f2f"], "out_of_tgen": "ba779dd61db8c9035478ba87b6336a5d", "children": ["4930d262fa1d2e58ab650e4c5eeba956"], "in_for_tgen": ["ba779dd61db8c9035478ba87b6336a5d"], "visible": "false", "colorkey": ".o", "name": "test_staticlib.c.1.o"}, "818efd36beb39c1b641a85642d739327": {"parents": ["7794b4b7892cf01ca92fed24dcf6a0ca"], "out_of_tgen": "717900c1516e9b03fc81c6984f3e0396", "children": ["4a30f773c4992b6e6b2ba0a1c5d4d600", "d6d4125612bf81ef98a1192bc7cabe0f", "da01e26564b877464475209f36d39780"], "in_for_tgen": ["rootTG"], "visible": "false", "colorkey": "test", "name": "test"}, "5aafb7ff63211c8db64800e02749d5af": {"parents": ["b77629a13c1c98d9ac68f978c987b688"], "children": [], "in_for_tgen": ["deda66a30da8151d86ee5d8405b22872"], "visible": "false", "colorkey": ".c", "name": "a.c"}, "994452914edd654debe4b90e966a2c2c": {"parents": ["7c5183b962dc659e157f5c26a9a93e41"], "children": [], "in_for_tgen": ["b5dc27cd6e4fdf40e151b5772a2a486d"], "visible": "false", "colorkey": ".c", "name": "main.c"}, "1a9b970fc3559aceed55084a5fa9d435": {"parents": ["7794b4b7892cf01ca92fed24dcf6a0ca"], "out_of_tgen": "bd753e552cc5150bbeebcd45bffbaf78", "children": ["fdedf7b2f0ba59e55cfb80f91a37c928"], "in_for_tgen": ["rootTG"], "visible": "false", "colorkey": ".exe", "name": "foo.exe"}, "1ef147563a0c7810acb7fa2ef48b43d2": {"parents": ["7cd28a9518eb5246dd319a1ce7ebf4ba", "3cf1605447cb46857ce65a34d50bb4ef", "a3014403dbcd87c8512ad1b69722efe2"], "out_of_tgen": "b52d9c687c56b0912c16448ec16dafda", "children": ["d0f3bbaaff32cef3e7d89720c3603489"], "in_for_tgen": ["ab8aaf85e218f5584cf457174968deae", "b52d9c687c56b0912c16448ec16dafda"], "visible": "false", "colorkey": ".so", "name": "libmy_shared_lib.so"}, "897268abf14ec6975e0fceeb4cee5ea7": {"parents": ["4a30f773c4992b6e6b2ba0a1c5d4d600"], "children": [], "in_for_tgen": ["717900c1516e9b03fc81c6984f3e0396"], "visible": "false", "colorkey": ".h", "name": "b.h"}, "3cf1605447cb46857ce65a34d50bb4ef": {"parents": ["7794b4b7892cf01ca92fed24dcf6a0ca"], "out_of_tgen": "b52d9c687c56b0912c16448ec16dafda", "children": ["1ef147563a0c7810acb7fa2ef48b43d2"], "in_for_tgen": ["rootTG"], "visible": "false", "colorkey": ".3", "name": "libmy_shared_lib.so.1.2.3"}, "b77629a13c1c98d9ac68f978c987b688": {"parents": ["da01e26564b877464475209f36d39780"], "out_of_tgen": "deda66a30da8151d86ee5d8405b22872", "children": ["5aafb7ff63211c8db64800e02749d5af"], "in_for_tgen": ["deda66a30da8151d86ee5d8405b22872"], "visible": "false", "colorkey": ".o", "name": "a.c.1.o"}, "d0f3bbaaff32cef3e7d89720c3603489": {"parents": ["1ef147563a0c7810acb7fa2ef48b43d2"], "out_of_tgen": "b52d9c687c56b0912c16448ec16dafda", "children": ["707f36bbd8496e0da2dab58fea7714ad"], "in_for_tgen": ["b52d9c687c56b0912c16448ec16dafda"], "visible": "false", "colorkey": ".o", "name": "test_shlib.c.1.o"}, "fdedf7b2f0ba59e55cfb80f91a37c928": {"parents": ["1a9b970fc3559aceed55084a5fa9d435"], "out_of_tgen": "bd753e552cc5150bbeebcd45bffbaf78", "children": ["2872b4cacab666061dbf2342c23678a3", "bbef594dd88ef68f92939288ac0b9186", "8ae9ff365c213361a46cce6c9be3a148"], "in_for_tgen": ["bd753e552cc5150bbeebcd45bffbaf78"], "visible": "false", "colorkey": ".o", "name": "main.c.1.o"}, "b0e443cfb3bc651e9c61b730ef4da958": {"parents": ["554feda50c51e5dae3b467c3484f38f1"], "children": [], "in_for_tgen": ["ab8aaf85e218f5584cf457174968deae"], "visible": "false", "colorkey": ".c", "name": "main.c"}, "c29bffa4926fb67e04f120a67b8462e1": {"parents": ["7794b4b7892cf01ca92fed24dcf6a0ca"], "out_of_tgen": "b5dc27cd6e4fdf40e151b5772a2a486d", "children": ["7c5183b962dc659e157f5c26a9a93e41", "35c1e81e719dd7c25207cb7f5a657f2f"], "in_for_tgen": ["rootTG"], "visible": "false", "colorkey": "test_static_link", "name": "test_static_link"}, "4a30f773c4992b6e6b2ba0a1c5d4d600": {"parents": ["818efd36beb39c1b641a85642d739327"], "out_of_tgen": "717900c1516e9b03fc81c6984f3e0396", "children": ["3431eb8bdd5ef3dc46c1f75b1587c239", "897268abf14ec6975e0fceeb4cee5ea7"], "in_for_tgen": ["717900c1516e9b03fc81c6984f3e0396"], "visible": "false", "colorkey": ".o", "name": "test.c.3.o"}}