{"rootTG": {"visible": "true", "colorkey": "rootTG", "name": "cc_test"}, "b52d9c687c56b0912c16448ec16dafda": {"visible": "true", "colorkey": "c_cshlib", "name": "my_shared_lib"}, "8eb0441b9fd96533fa67b139e283c862": {"visible": "true", "colorkey": "c_cstlib", "name": "b"}, "deda66a30da8151d86ee5d8405b22872": {"visible": "true", "colorkey": "c_cstlib", "name": "a"}, "b5dc27cd6e4fdf40e151b5772a2a486d": {"visible": "true", "colorkey": "c_cprogram", "name": "test_static_link"}, "ab8aaf85e218f5584cf457174968deae": {"visible": "true", "colorkey": "c_cprogram", "name": "test_shared_link"}, "ba779dd61db8c9035478ba87b6336a5d": {"visible": "true", "colorkey": "c_cstlib", "name": "my_static_lib"}, "717900c1516e9b03fc81c6984f3e0396": {"visible": "true", "colorkey": "c_cprogram", "name": "test"}, "bd753e552cc5150bbeebcd45bffbaf78": {"visible": "true", "colorkey": "c_cprogram", "name": "foo.exe"}}